{
  "MT159X9.25": {
    "EDI_Std_Nomenclature": "MT159X9.25",
    "W": 9.25,
    "A": 1170.0,
    "d": 159.0,
    "ddet": 159.0,
    "bf": 95.3,
    "bfdet": 95.2,
    "tw": 3.94,
    "twdet": 3.18,
    "twdet/2": 1.59,
    "tf": 5.79,
    "tfdet": 6.35,
    "kdes": 14.3,
    "kdet": 14.3,
    "y": 44.2,
    "yp": 9.45,
    "bf/2tf": 8.22,
    "D/t": 40.4,
    "Ix": 3.03,
    "Zx": 47.9,
    "Sx": 26.4,
    "rx": 51.1,
    "Iy": 0.416,
    "Zy": 13.7,
    "Sy": 8.78,
    "ry": 18.9,
    "J": 10.2,
    "Cw": 0.00763,
    "ro": 68.3,
    "H": 0.634
  },
  "MT159X8.65": {
    "EDI_Std_Nomenclature": "MT159X8.65",
    "W": 8.65,
    "A": 1100.0,
    "d": 159.0,
    "ddet": 159.0,
    "bf": 88.9,
    "bfdet": 88.9,
    "tw": 3.94,
    "twdet": 3.18,
    "twdet/2": 1.59,
    "tf": 5.36,
    "tfdet": 4.76,
    "kdes": 14.3,
    "kdet": 14.3,
    "y": 46.7,
    "yp": 20.5,
    "bf/2tf": 8.29,
    "D/t": 40.3,
    "Ix": 2.89,
    "Zx": 46.9,
    "Sx": 25.7,
    "rx": 51.6,
    "Iy": 0.315,
    "Zy": 11.2,
    "Sy": 7.08,
    "ry": 17.0,
    "J": 8.57,
    "Cw": 0.0072,
    "ro": 69.9,
    "H": 0.602
  },
  "MT155X8.8": {
    "EDI_Std_Nomenclature": "MT155X8.8",
    "W": 8.8,
    "A": 1120.0,
    "d": 152.0,
    "ddet": 152.0,
    "bf": 78.0,
    "bfdet": 79.4,
    "tw": 4.5,
    "twdet": 4.76,
    "twdet/2": 3.18,
    "tf": 5.72,
    "tfdet": 6.35,
    "kdes": 14.3,
    "kdet": 14.3,
    "y": 48.0,
    "yp": 28.7,
    "bf/2tf": 6.82,
    "D/t": 33.9,
    "Ix": 2.75,
    "Zx": 47.4,
    "Sx": 26.4,
    "rx": 49.8,
    "Iy": 0.226,
    "Zy": 9.42,
    "Sy": 5.8,
    "ry": 14.2,
    "J": 10.4,
    "Cw": 0.00905,
    "ro": 68.8,
    "H": 0.567
  },
  "MT155X8.05": {
    "EDI_Std_Nomenclature": "MT155X8.05",
    "W": 8.05,
    "A": 1030.0,
    "d": 152.0,
    "ddet": 149.0,
    "bf": 78.0,
    "bfdet": 79.4,
    "tw": 4.06,
    "twdet": 4.76,
    "twdet/2": 3.18,
    "tf": 5.33,
    "tfdet": 4.76,
    "kdes": 14.3,
    "kdet": 14.3,
    "y": 47.2,
    "yp": 26.7,
    "bf/2tf": 7.31,
    "D/t": 37.4,
    "Ix": 2.51,
    "Zx": 43.1,
    "Sx": 23.9,
    "rx": 49.5,
    "Iy": 0.211,
    "Zy": 8.72,
    "Sy": 5.41,
    "ry": 14.4,
    "J": 8.16,
    "Cw": 0.00671,
    "ro": 68.3,
    "H": 0.574
  },
  "MT155X7.45": {
    "EDI_Std_Nomenclature": "MT155X7.45",
    "W": 7.45,
    "A": 955.0,
    "d": 152.0,
    "ddet": 149.0,
    "bf": 82.6,
    "bfdet": 82.6,
    "tw": 3.78,
    "twdet": 3.18,
    "twdet/2": 1.59,
    "tf": 4.57,
    "tfdet": 4.76,
    "kdes": 12.7,
    "kdet": 12.7,
    "y": 47.2,
    "yp": 27.4,
    "bf/2tf": 9.03,
    "D/t": 40.2,
    "Ix": 2.34,
    "Zx": 40.1,
    "Sx": 22.3,
    "rx": 49.8,
    "Iy": 0.215,
    "Zy": 8.34,
    "Sy": 5.21,
    "ry": 15.1,
    "J": 6.04,
    "Cw": 0.00542,
    "ro": 68.8,
    "H": 0.572
  },
  "MT125X6.7": {
    "EDI_Std_Nomenclature": "MT125X6.7",
    "W": 6.7,
    "A": 858.0,
    "d": 127.0,
    "ddet": 127.0,
    "bf": 68.3,
    "bfdet": 69.8,
    "tw": 3.99,
    "twdet": 4.76,
    "twdet/2": 3.18,
    "tf": 5.23,
    "tfdet": 4.76,
    "kdes": 14.3,
    "kdet": 14.3,
    "y": 39.1,
    "yp": 20.5,
    "bf/2tf": 6.53,
    "D/t": 31.8,
    "Ix": 1.44,
    "Zx": 29.7,
    "Sx": 16.4,
    "rx": 41.1,
    "Iy": 0.14,
    "Zy": 6.6,
    "Sy": 4.1,
    "ry": 12.8,
    "J": 6.49,
    "Cw": 0.00371,
    "ro": 56.4,
    "H": 0.585
  },
  "MT125X5.95": {
    "EDI_Std_Nomenclature": "MT125X5.95",
    "W": 5.95,
    "A": 768.0,
    "d": 126.0,
    "ddet": 124.0,
    "bf": 68.3,
    "bfdet": 69.8,
    "tw": 3.58,
    "twdet": 3.18,
    "twdet/2": 1.59,
    "tf": 4.62,
    "tfdet": 4.76,
    "kdes": 14.3,
    "kdet": 14.3,
    "y": 38.6,
    "yp": 20.5,
    "bf/2tf": 7.39,
    "D/t": 35.3,
    "Ix": 1.28,
    "Zx": 26.4,
    "Sx": 14.7,
    "rx": 41.1,
    "Iy": 0.123,
    "Zy": 5.8,
    "Sy": 3.61,
    "ry": 12.8,
    "J": 4.66,
    "Cw": 0.00266,
    "ro": 56.4,
    "H": 0.583
  },
  "MT125X5.6": {
    "EDI_Std_Nomenclature": "MT125X5.6",
    "W": 5.6,
    "A": 716.0,
    "d": 127.0,
    "ddet": 127.0,
    "bf": 68.3,
    "bfdet": 69.8,
    "tw": 3.3,
    "twdet": 3.18,
    "twdet/2": 1.59,
    "tf": 4.39,
    "tfdet": 4.76,
    "kdes": 11.1,
    "kdet": 11.1,
    "y": 38.4,
    "yp": 19.3,
    "bf/2tf": 7.77,
    "D/t": 38.4,
    "Ix": 1.21,
    "Zx": 24.7,
    "Sx": 13.7,
    "rx": 41.4,
    "Iy": 0.117,
    "Zy": 5.47,
    "Sy": 3.42,
    "ry": 12.8,
    "J": 3.88,
    "Cw": 0.00213,
    "ro": 56.4,
    "H": 0.588
  },
  "MT100X4.85": {
    "EDI_Std_Nomenclature": "MT100X4.85",
    "W": 4.85,
    "A": 619.0,
    "d": 102.0,
    "ddet": 102.0,
    "bf": 57.9,
    "bfdet": 57.2,
    "tw": 3.43,
    "twdet": 3.18,
    "twdet/2": 1.59,
    "tf": 4.8,
    "tfdet": 4.76,
    "kdes": 14.3,
    "kdet": 14.3,
    "y": 30.0,
    "yp": 12.0,
    "bf/2tf": 6.03,
    "D/t": 29.6,
    "Ix": 0.653,
    "Zx": 16.6,
    "Sx": 9.14,
    "rx": 32.8,
    "Iy": 0.0783,
    "Zy": 4.33,
    "Sy": 2.7,
    "ry": 11.3,
    "J": 3.82,
    "Cw": 0.00124,
    "ro": 44.2,
    "H": 0.612
  },
  "MT100X4.6": {
    "EDI_Std_Nomenclature": "MT100X4.6",
    "W": 4.6,
    "A": 588.0,
    "d": 102.0,
    "ddet": 102.0,
    "bf": 57.9,
    "bfdet": 57.2,
    "tw": 3.28,
    "twdet": 3.18,
    "twdet/2": 1.59,
    "tf": 4.5,
    "tfdet": 4.76,
    "kdes": 11.1,
    "kdet": 11.1,
    "y": 30.0,
    "yp": 12.6,
    "bf/2tf": 6.44,
    "D/t": 31.0,
    "Ix": 0.624,
    "Zx": 15.8,
    "Sx": 8.73,
    "rx": 32.8,
    "Iy": 0.0733,
    "Zy": 4.05,
    "Sy": 2.52,
    "ry": 11.2,
    "J": 3.24,
    "Cw": 0.00108,
    "ro": 44.5,
    "H": 0.608
  },
  "MT75X3.3": {
    "EDI_Std_Nomenclature": "MT75X3.3",
    "W": 3.3,
    "A": 417.0,
    "d": 76.2,
    "ddet": 76.2,
    "bf": 46.7,
    "bfdet": 47.6,
    "tw": 2.9,
    "twdet": 3.18,
    "twdet/2": 1.59,
    "tf": 4.34,
    "tfdet": 4.76,
    "kdes": 9.53,
    "kdet": 9.53,
    "y": 21.4,
    "yp": 4.83,
    "bf/2tf": 5.38,
    "D/t": 26.3,
    "Ix": 0.241,
    "Zx": 7.91,
    "Sx": 4.39,
    "rx": 24.1,
    "Iy": 0.0373,
    "Zy": 2.54,
    "Sy": 1.59,
    "ry": 9.5,
    "J": 2.06,
    "Cw": 0.000333,
    "ro": 32.3,
    "H": 0.646
  },
  "MT75X2.75": {
    "EDI_Std_Nomenclature": "MT75X2.75",
    "W": 2.75,
    "A": 352.0,
    "d": 75.2,
    "ddet": 73.0,
    "bf": 50.8,
    "bfdet": 50.8,
    "tw": 2.49,
    "twdet": 3.18,
    "twdet/2": 1.59,
    "tf": 3.28,
    "tfdet": 3.18,
    "kdes": 7.95,
    "kdet": 7.94,
    "y": 21.0,
    "yp": 4.42,
    "bf/2tf": 7.75,
    "D/t": 30.2,
    "Ix": 0.201,
    "Zx": 6.7,
    "Sx": 3.7,
    "rx": 24.0,
    "Iy": 0.0359,
    "Zy": 2.23,
    "Sy": 1.41,
    "ry": 10.2,
    "J": 1.1,
    "Cw": 0.000202,
    "ro": 32.5,
    "H": 0.644
  },
  "MT65X14.05": {
    "EDI_Std_Nomenclature": "MT65X14.05",
    "W": 14.1,
    "A": 1790.0,
    "d": 63.5,
    "ddet": 63.5,
    "bf": 127.0,
    "bfdet": 127.0,
    "tw": 8.03,
    "twdet": 7.94,
    "twdet/2": 4.76,
    "tf": 10.6,
    "tfdet": 11.1,
    "kdes": 20.7,
    "kdet": 20.6,
    "y": 13.0,
    "yp": 7.01,
    "bf/2tf": 6.01,
    "D/t": 7.91,
    "Ix": 0.437,
    "Zx": 16.9,
    "Sx": 8.65,
    "rx": 15.7,
    "Iy": 1.81,
    "Zy": 43.6,
    "Sy": 28.5,
    "ry": 32.0,
    "J": 64.9,
    "Cw": 0.0197,
    "ro": 36.3,
    "H": 0.955,
    "WGi": 69.9
  },
  "MT50X4.45": {
    "EDI_Std_Nomenclature": "MT50X4.45",
    "W": 4.45,
    "A": 565.0,
    "d": 48.3,
    "ddet": 47.6,
    "bf": 96.5,
    "bfdet": 95.2,
    "tw": 3.3,
    "twdet": 3.18,
    "twdet/2": 1.59,
    "tf": 4.06,
    "tfdet": 4.76,
    "kdes": 12.7,
    "kdet": 12.7,
    "y": 8.66,
    "yp": 2.84,
    "bf/2tf": 11.9,
    "D/t": 14.6,
    "Ix": 0.0866,
    "Zx": 3.95,
    "Sx": 2.18,
    "rx": 12.5,
    "Iy": 0.305,
    "Zy": 9.64,
    "Sy": 6.31,
    "ry": 23.5,
    "J": 3.83,
    "Cw": 0.000518,
    "ro": 27.4,
    "H": 0.942
  }
}